Diagonal Profiles,,,,,
Open field,,,,,
SSD=100cm,,,,,
Field Size=40x40cm2,,,,,
Detector: IBA Dosimetry CC13 Ionization chamber,,,,,
,Dose[%],,,,
Off axis position [cm],Depth:3 cm,Depth:5 cm,Depth:10 cm,Depth:20 cm,Depth:30 cm
-43.6,,,,,4.3
-43.5,,,,,4.3
-43.4,,,,,4.387979797979796
-43.3,,,,,4.4
-43.2,,,,,4.4383254716981115
-43.1,,,,,4.5
-43,,,,,4.5
-42.9,,,,,4.6
-42.8,,,,,4.6
-42.7,,,,,4.680808080808081
-42.6,,,,,4.7
-42.5,,,,,4.711414141414141
-42.4,,,,,4.8
-42.3,,,,,4.848998822143699
-42.2,,,,,4.9
-42.1,,,,,4.9
-42,,,,,4.9592929292929275
-41.9,,,,,5
-41.8,,,,,5.053669319186562
-41.7,,,,,5.142049469964664
-41.6,,,,,5.2
-41.5,,,,,5.221515151515153
-41.4,,,,,5.319717064544651
-41.3,,,,,5.4
-41.2,,,,,5.4
-41.1,,,,,5.472413793103448
-41,,,,,5.554045561665358
-40.9,,,,3.3,5.641919191919193
-40.8,,,,3.3,5.73338570306363
-40.7,,,,3.3512367491166084,5.8
-40.6,,,,3.4,5.801855123674913
-40.5,,,,3.4,5.8901943462897535
-40.4,,,,3.48979797979798,5.978603006189212
-40.3,,,,3.5,6
-40.2,,,,3.5347474747474736,6.049253731343283
-40.1,,,,3.6,6.131272084805652
-40,,,,3.6,6.217452830188678
-39.9,,,,3.6607311320754694,6.296069182389936
-39.8,,,,3.7,6.374626865671643
-39.7,,,,3.7,6.46838383838384
-39.6,,,,3.747641509433961,6.553967007069914
-39.5,,,,3.8,6.636604774535809
-39.4,,,,3.8799435028248586,6.722230950510606
-39.3,,,,3.9,6.800884173297965
-39.2,,,,3.935689045936396,6.889301503094608
-39.1,,,,4,6.96904948939513
-39,,,,4.065629420084866,7.047604084838964
-38.9,,,,4.1,7.129442970822282
-38.8,,,,4.140448113207548,7.215868028279654
-38.7,,,,4.2,7.294422623723485
-38.6,,,,4.3,7.382067137809189
-38.5,,,,4.309090909090907,7.4626572327044025
-38.4,,,,4.4,7.553030303030303
-38.3,,,,4.41297169811321,7.647261484098942
-38.2,,,,4.5,7.735632183908047
-38.1,,,2.3,4.513232323232321,7.827474747474747
-38,,,2.3,4.614242424242426,7.94430479183032
-37.9,,,2.4,4.7,8.100795755968171
-37.8,,,2.4,4.716262626262626,8.189213085764809
-37.7,,,2.4,4.8,8.268970934799686
-37.6,,,2.421319199057713,4.846868686868686,8.39505106048704
-37.5,,,2.5,4.947878787878786,8.529354553492485
-37.4,,,2.5,5,8.617771883289127
-37.3,,,2.535555555555555,5.049898989898992,8.714141414141412
-37.2,,,2.6,5.150909090909092,8.909422850412248
-37.1,,,2.6,5.2519191919191925,9.020424403183023
-37,,,2.6101010101010123,5.3,9.11571091908877
-36.9,,,2.7,5.379599056603774,9.272820109976434
-36.8,,,2.7,5.483535353535353,9.373121131741824
-36.7,,1.848645465253241,2.7131313131313126,5.5,9.509347996857818
-36.6,,1.9,2.8,5.614141414141413,9.637367491166078
-36.5,,1.9,2.8,5.715151515151514,9.745754716981132
-36.4,,1.9,2.826613616268788,5.816161616161619,9.901919191919193
-36.3,,1.9,2.9,5.9,10.00512367491166
-36.2,,1.9,2.9284452296819787,5.918181818181819,10.181802120141342
-36.1,1.7868458274398842,1.990606060606059,3,6.019191919191918,10.381212121212117
-36,1.8,2,3,6.128288543140027,10.583232323232318
-35.9,1.8,2,3.02121212121212,6.2,10.681078691423519
-35.8,1.8,2,3.1,6.265151515151513,10.823487824037704
-35.7,1.8,2.094646464646465,3.123232323232325,6.366161616161617,11.020895522388058
-35.6,1.8712643678160923,2.1,3.2,6.467171717171719,11.224242424242425
-35.5,1.9,2.1,3.212838633686688,6.568181818181818,11.344208664898321
-35.4,1.9,2.1,3.3,6.680683156654889,11.521043324491604
-35.3,1.9,2.1987878787878787,3.3364279398762147,6.798584905660377,11.69787798408488
-35.2,1.9830388692579497,2.2,3.4,6.9,11.961837455830388
-35.1,2,2.2,3.450943396226416,6.957979797979799,12.134591194968554
-35,2,2.287474747474745,3.5,7.058989898989899,12.3547703180212
-34.9,2,2.3,3.56498673740053,7.152473498233214,12.579929266136164
-34.8,2.1,2.3,3.6,7.29333333333333,12.785070671378097
-34.7,2.1,2.4,3.6890330188679226,7.447676767676768,13.044575471698117
-34.6,2.1051282051282048,2.4051282051282046,3.8,7.548686868686871,13.280424528301882
-34.5,2.193545534924847,2.4935455349248468,3.8,7.649696969696971,13.543021201413431
-34.4,2.2,2.5,3.8259128386336885,7.801414141414143,13.877630415561452
-34.3,2.2088888888888913,2.5,3.9,7.945269672855879,14.198181818181816
-34.2,2.3,2.509898989898991,3.967070707070705,8.044929245283019,14.593545534924848
-34.1,2.3,2.6,4.0793875147232015,8.175282485875705,15.00934799685782
-34,2.3119191919191913,2.6119191919191915,4.1,8.283417593528819,15.41484098939929
-33.9,2.4,2.7,4.198686868686871,8.46888888888889,15.890566037735837
-33.8,2.4,2.7139534883720913,4.299696969696971,8.574734982332155,16.597879858657226
-33.7,2.429292929292931,2.8,4.313162544169611,8.744242424242422,17.304952830188682
-33.6,2.5,2.801717171717171,4.401717171717172,8.902404526166903,18.18888888888891
-33.5,2.5313131313131314,2.9,4.5,9.062626262626262,19.258888888888904
-33.4,2.6,2.9043632075471675,4.503737373737372,9.232323232323232,20.552631578947363
-33.3,2.666666666666667,3,4.605542452830191,9.366666666666664,22.05437665782492
-33.2,2.7,3.023439340400473,4.720101010101011,9.548090523338045,23.845347467608985
-33.1,2.77828282828283,3.1,4.821111111111112,9.727878787878783,26.007070707070746
-33,2.8,3.1363636363636376,4.922121212121212,9.929898989898991,28.403773584905686
-32.9,2.8803030303030313,3.2,5.023131313131311,10.065959595959598,31.388138256087952
-32.8,2.9,3.233598585322724,5.1241414141414126,10.256367924528302,34.48753315649861
-32.7,2.9679797979797975,3.325151515151517,5.222015915119365,10.49199057714959,38.20363636363637
-32.6,3,3.4,5.3,10.633380480905233,41.97676767676765
-32.5,3.0699999999999976,3.4271717171717175,5.33804809052334,10.858050847457626,45.96545454545449
-32.4,3.171010101010102,3.5,5.456767676767678,11.098868458274394,49.53886925795046
-32.3,3.2,3.5435353535353515,5.550574712643677,11.27612732095491,52.71910377358482
-32.2,3.263957597173144,3.644545454545454,5.644545454545454,11.505660377358497,55.78303030303034
-32.1,3.3597979797979773,3.7,5.7455555555555575,11.84752475247525,58.15649867374005
-32,3.4,3.7465656565656573,5.846565656565658,12.108598351001183,60.25232323232321
-31.9,3.4721698113207564,3.84160777385159,5.947575757575757,12.373125884016968,61.66171717171721
-31.8,3.5771717171717174,3.934277047522751,6.085057471264369,12.704946996466425,62.9518181818182
-31.7,3.6,4.035353535353537,6.2,13.078783592644982,63.87102473498234
-31.6,3.6791919191919176,4.1,6.2708628005657685,13.4925035360679,64.8799528301887
-31.5,3.7,4.137373737373737,6.3802020202020175,13.941037735849063,65.66148409893994
-31.4,3.7954545454545436,4.238383838383838,6.589399293286215,14.490459363957608,66.44214992927866
-31.3,3.896464646464644,4.339393939393938,6.629245283018866,15.09333333333334,67.17555555555556
-31.2,3.9975733063700707,4.435335689045934,6.747114252061246,15.86585858585859,67.73713527851459
-31.1,4.086219081272084,4.527070707070705,6.897435897435898,16.73740053050396,68.45097173144875
-31,4.185252525252524,4.6,7.084848484848488,17.828032979976424,69.1472148541114
-30.9,4.3,4.629191919191918,7.250647820965844,19.110183875530364,69.80388692579506
-30.8,4.32220650636492,4.742231638418078,7.35868686868687,20.849011299435013,70.44257075471698
-30.7,4.4636492220650625,4.859757330637006,7.519514661274012,22.79514661274012,71.11828282828283
-30.6,4.5,4.960808080808081,7.660808080808081,25.018138987043542,71.8836606441477
-30.5,4.6054181389870426,5.061818181818183,7.823636363636368,27.65363636363631,72.68797169811322
-30.4,4.71989898989899,5.173262661955244,8.025656565656567,31.22446958981614,73.43957597173146
-30.3,4.82090909090909,5.2780808080808095,8.174440518256773,34.931313131313146,74.22464646464648
-30.2,4.9255896226415095,5.30767676767677,8.35818181818182,39.13380480905236,75.02307692307691
-30.1,5.043462897526503,5.40868686868687,8.56020202020202,43.372995283018845,75.81837455830387
-30,5.1,5.51939393939394,8.741998231653408,48.03636363636365,76.62924528301888
-29.9,5.195872641509431,5.710707070707071,8.93575757575758,52.512499999999974,77.45406360424028
-29.8,5.313679245283017,5.813679245283017,9.13777777777778,56.33818181818174,78.18231132075474
-29.7,5.431566548881034,5.937906647807634,9.40969696969697,59.81212121212117,79.0890909090909
-29.6,5.549410377358491,6.049558303886924,9.665371024734984,62.70777934936356,79.79619805481876
-29.5,5.667255594817432,6.143333333333333,9.872497472194132,64.87608951707891,80.50314218381774
-29.4,5.785141509433964,6.288686868686873,10.161818181818187,66.7181818181818,81.13157894736844
-29.3,5.877208480565373,6.463507779349366,10.46484848484849,67.92948113207545,81.68832891246686
-29.2,5.974949494949496,6.574949494949496,10.85717171717172,69.06678445229683,82.21855123674912
-29.1,6.151919191919193,6.7519191919191925,11.221226415094346,70.03131313131313,82.72122641509434
-29,6.289858490566036,6.876969696969697,11.69949494949495,71.01886792452832,83.18701413427561
-28.9,6.39232323232323,7.055959595959592,12.22545454545454,71.84628975265018,83.63063629222309
-28.8,6.586666666666671,7.178989898989896,12.827797408716128,72.7040047114252,84.10196386488609
-28.7,6.694343434343436,7.360161779575328,13.547169811320744,73.4501179245283,84.51132075471698
-28.6,6.819191919191924,7.5622222222222195,14.514851485148501,74.10936395759718,84.83780918727915
-28.5,7.0123820754717,7.76424242424242,15.753356890459361,74.96944837340877,85.17152961980548
-28.4,7.151919191919192,7.945406360424024,16.993280282935483,75.71810466760962,85.56054181389871
-28.3,7.331448763250883,8.162971698113209,18.769846878680767,76.56676096181049,85.80822281167109
-28.2,7.484444444444445,8.370303030303033,21.11595959595965,77.43446327683617,86.08393939393939
-28.1,7.66053748231966,8.658484848484848,23.598704358068375,78.38948432760365,86.35075154730326
-28,7.870047169811319,8.96151515151515,27.140000000000086,79.26195524146054,86.54727272727273
-27.9,8.054376657824935,9.26454545454545,31.009393939393995,80.26760961810464,86.82932862190812
-27.8,8.249898989898993,9.656767676767666,35.44865629420091,81.23207547169811,87.00901856763926
-27.7,8.451919191919192,10.094783377541996,40.69316037735851,82.1690909090909,87.27427055702918
-27.6,8.653939393939392,10.58484848484848,46.576923076922945,83.12178217821784,87.44186959937156
-27.5,8.933939393939388,11.336513545347469,51.705128205128204,84.09515151515151,87.56363636363636
-27.4,9.276325088339215,12.052626262626257,57.315194346289694,84.99405940594059,87.7005498821681
-27.3,9.629952830188683,13.042424242424225,62.50613207547168,85.8530035335689,87.85770440251572
-27.2,10.02404040404041,14.338282828282797,66.33474576271188,86.59481132075472,88.01919191919193
-27.1,10.592121212121214,15.910247349823345,69.8673267326733,87.33515151515151,88.22121212121213
-27,11.198181818181816,18.051768033946185,72.24441301272984,87.93439340400471,88.41161616161617
-26.9,11.972323232323221,20.808181818181833,74.08656565656567,88.51060820367749,88.51262626262626
-26.8,12.950505050505027,23.879310344827623,75.52050505050508,89.07637906647807,88.61060487038492
-26.7,14.304848484848508,27.55898989898987,76.69000000000001,89.57292929292929,88.68915946582875
-26.6,15.719451812555263,32.42473498233212,77.71414141414142,89.97696969696969,88.83542812254518
-26.5,17.908127208480575,37.964504716981075,78.72181818181818,90.3810101010101,89.00415561450045
-26.4,20.338181818181813,43.924263839811495,79.62803297997642,90.83131313131314,89.14049513704686
-26.3,23.57333333333329,50.56533018867924,80.46818181818182,91.24181818181819,89.23851590106007
-26.2,27.937765205091914,57.00664780763786,81.40707964601769,91.53521923620934,89.3
-26.1,33.061818181818154,62.810247349823335,82.33389830508477,91.8226148409894,89.38629531388152
-26,38.86848484848476,68.05559481743235,83.44328147100421,92.14343434343434,89.563074204947
-25.9,45.56449787835916,72.41639150943402,84.47924528301887,92.37959905660378,89.72653301886793
-25.8,52.016363636363515,75.35202020202023,85.57738515901059,92.65332390381896,89.8380808080808
-25.7,58.52474747474759,77.54955830388693,86.7102473498233,92.85783274440519,89.96837455830389
-25.6,64.94497878359253,79.16097067745196,87.78854314002828,93.01612446958981,90.12254641909814
-25.5,70.3148514851485,80.52242424242424,88.9975954738331,93.19587750294464,90.21948153967007
-25.4,74.19104829210835,81.70666666666668,90.24221698113206,93.35636363636364,90.37659073055774
-25.3,77.48769448373409,82.80318021201414,91.33686690223793,93.51486349848332,90.4859595959596
-25.2,79.5911660777385,83.84141414141415,92.46379716981133,93.65114840989399,90.58696969696969
-25.1,81.21778563015312,84.80636363636364,93.5243816254417,93.74515151515152,90.67701149425288
-25,82.43109540636041,85.80777777777779,94.47272727272727,93.84616161616162,90.83085764809903
-24.9,83.42796460176992,86.87171717171718,95.40754716981131,93.94717171717173,91.0230303030303
-24.8,84.51287128712872,87.90610079575598,96.14681978798586,94.04818181818182,91.2250505050505
-24.7,85.45943396226414,88.96678445229682,96.8871462264151,94.14305923961096,91.36353535353535
-24.6,86.38220338983051,90.29168141592919,97.42272727272727,94.24193168433452,91.46454545454546
-24.5,87.3380896226415,91.43555555555557,97.99333333333333,94.3,91.68359264497879
-24.4,88.36565656565658,92.92727272727272,98.46626262626262,94.41315417256011,91.9082228116711
-24.3,89.45700141442714,94.23525252525253,98.87030303030303,94.5,91.99664014146772
-24.2,90.73038869257951,95.54658018867924,99.24014146772768,94.5,92.1133254716981
-24.1,91.99212121212122,96.81213191990575,99.62141414141414,94.63748231966053,92.23121319199058
-24,93.28867924528303,97.94150943396227,100.03677510608203,94.7,92.41768033946252
-23.9,94.62305516265911,99.10188679245283,100.30047169811321,94.8002358490566,92.56268788682581
-23.8,96.01766784452296,100.02444444444444,100.53627797408716,94.92720848056537,92.736160188457
-23.7,97.31272727272727,100.85453474676089,100.76161616161616,95.08316831683167,92.86445623342175
-23.6,98.50435806831567,101.72277227722772,100.98355437665784,95.1889898989899,93.00574712643679
-23.5,99.77158018867927,102.35806831566548,101.22167255594817,95.28999999999999,93.17336999214454
-23.4,100.79207920792078,102.88372093023256,101.34738330975955,95.3457008244994,93.31713780918727
-23.3,101.78217821782178,103.46666666666667,101.4,95.5,93.4
-23.2,102.63030303030303,103.87561837455831,101.4,95.5585394581861,93.4
-23.1,103.27878787878788,104.23479490806224,101.4,95.6916548797737,93.48231653404068
-23,103.8711425206125,104.6060820367751,101.4,95.7950505050505,93.58080808080808
-22.9,104.44161616161617,104.85754716981133,101.4,95.89606060606062,93.69540636042403
-22.8,104.84565656565657,105.11731448763251,101.4,96.02995283018868,93.71330977620731
-22.7,105.23727272727272,105.33898989898991,101.49808080808081,96.19564193168434,93.8311320754717
-22.6,105.55373737373738,105.48231132075472,101.5,96.35626262626263,93.9420202020202
-22.5,105.9336866902238,105.60011792452829,101.5,96.51454545454546,94
-22.4,106.18316831683168,105.71802120141344,101.5,96.65101679929266,94.0440404040404
-22.3,106.38302687411598,105.8,101.53070707070707,96.79010101010101,94.13939929328622
-22.2,106.5045197740113,105.8,101.6,96.96449787835927,94.23171717171718
-22.1,106.6,105.8,101.6,97.10424242424241,94.33272727272727
-22,106.68727015558699,105.8,101.6,97.20459363957598,94.42953138815209
-21.9,106.7,105.75127118644068,101.60626262626262,97.29293286219081,94.53189316575019
-21.8,106.7,105.63565656565656,101.7,97.40848056537104,94.68900235663787
-21.7,106.7,105.53458038422649,101.7,97.5,94.78222811671087
-21.6,106.6050505050505,105.5,101.70929292929293,97.55212121212121,94.86276512175962
-21.5,106.50404040404041,105.43252525252525,101.81030303030303,97.67439886845827,94.98263943440692
-21.4,106.5,105.4,101.9,97.7,95.12236958443854
-21.3,106.40191919191919,105.4,101.9,97.8,95.2191673212883
-21.2,106.30090909090909,105.4,101.9419191919192,97.8,95.37627651217596
-21.1,106.2,105.35997171145686,102.04292929292929,97.85005889281508,95.47506631299734
-21,106.19888888888889,105.3,102.1,97.9,95.61280439905734
-20.9,106.1,105.3,102.15247641509434,97.9,95.7449494949495
-20.8,106.09634864546524,105.3,102.2703180212014,97.9459595959596,95.8459595959596
-20.7,106,105.3,102.37555555555556,98.0469696969697,95.9
-20.6,105.98060606060606,105.3,102.48938679245283,98.1,95.97656565656565
-20.5,105.9,105.3,102.62040404040404,98.1489898989899,96.15515151515152
-20.4,105.9,105.3,102.72141414141414,98.2,96.27858585858586
-20.3,105.9,105.3,102.82244691607684,98.28938053097345,96.4393457117595
-20.2,105.9,105.3,102.9,98.3,96.57738515901059
-20.1,105.9,105.31191037735849,102.93878787878788,98.42454545454545,96.6
-20,105.9,105.4,103,98.52979976442873,96.8
-19.9,105.9,105.45714285714286,103.04764150943396,98.65714285714286,96.81222222222222
-19.8,105.9,105.5,103.1,98.7,96.91323232323232
-19.7,105.9,105.5,103.1,98.8,97.01662735849057
-19.6,105.9010101010101,105.63451118963486,103.1,98.86138613861387,97.13451118963486
-19.5,106.0020202020202,105.75235849056604,103.05714285714285,98.98573113207547,97.2
-19.4,106.1,105.87020023557126,103,99.08878787878787,97.27444444444444
-19.3,106.10353669319186,105.9,103,99.2,97.37545454545455
-19.2,106.19195402298851,105.97646464646465,102.90919191919193,99.23926886792452,97.4
-19.1,106.29181818181819,106,102.9,99.36850282485877,97.46781609195402
-19,106.4,106,102.9,99.49162735849056,97.58995756718528
-18.9,106.40808080808081,105.90616161616163,102.9,99.6,97.68213969938108
-18.8,106.5,105.9,102.9,99.6,97.7
-18.7,106.48820754716981,105.9,102.9,99.69585858585859,97.76727272727273
-18.6,106.4,105.80313131313132,102.92545454545456,99.79686868686868,97.8
-18.5,106.4,105.7,103.02646464646465,99.9,97.8606542882405
-18.4,106.38457008244994,105.68842756183746,103.1,99.95841584158416,97.94902826855125
-18.3,106.3,105.60008833922261,103.1,100,98.03740053050397
-18.2,106.23870056497175,105.57864214992928,103.13833922261483,100.10106132075471,98.1229379418696
-18.1,106.19775943396226,105.5,103.2,100.2,98.2
-18,106.1,105.42983490566039,103.23679245283019,100.24413012729845,98.20341981132076
-17.9,106.01442715700142,105.4,103.3,100.3,98.31828282828283
-17.8,105.89504550050556,105.4,103.4,100.32249705535925,98.4
-17.7,105.8,105.4,103.4060606060606,100.4,98.4
-17.6,105.8,105.45818610129564,103.5,100.4,98.42131313131314
-17.5,105.78045977011494,105.5,103.53660262891809,100.44456233421751,98.52606132075472
-17.4,105.7,105.5,103.6,100.5,98.64393404004711
-17.3,105.71010101010101,105.55292929292929,103.69505300353357,100.5,98.7529292929293
-17.2,105.8,105.6,103.71555869872702,100.55393939393939,98.8472148541114
-17.1,105.8,105.6,103.8,100.6,98.93165750196387
-17,105.82737373737373,105.64898320070733,103.8,100.6,99
-16.9,105.9,105.7,103.8,100.6998585572843,99.01648998822144
-16.8,105.9,105.7,103.86124469589816,100.7,99.13431603773584
-16.7,105.9,105.7,103.9,100.78260254596889,99.2
-16.6,105.98669022379269,105.77004716981132,103.9,100.8,99.24005305039788
-16.5,106.0055162659123,105.8,103.9,100.84676767676768,99.32844522968198
-16.4,106.1,105.82687411598303,103.9,100.96690240452617,99.41679929266137
-16.3,106.1,105.9,103.9,101,99.50521201413427
-16.2,106.1,105.9,103.9,101,99.59355123674911
-16.1,106.1,105.93111739745403,103.9,101.07114568599717,99.67287735849057
-16,106.1,105.93950471698113,103.9,101.1,99.75786219081272
-15.9,106.1,105.9,103.9,101.1,99.8
-15.8,106.1,105.9,103.9,101.18242424242425,99.83959595959595
-15.7,106.1,105.9,103.9,101.2,99.9
-15.6,106.1,105.9,103.9,101.28444444444445,99.93236449332286
-15.5,106.1,105.9,103.9,101.37480106100796,100.01229000884173
-15.4,106.1,105.8,103.9,101.47222222222223,100.10080808080808
-15.3,106.09818181818181,105.79818181818182,103.9,101.5,100.2
-15.2,106,105.7,103.9,101.57424242424243,100.21328616352201
-15.1,106,105.7,103.9,101.6,100.29190251572327
-15,106,105.7,103.9,101.67626262626263,100.3
-14.9,105.99414141414141,105.65176803394625,103.9,101.7,100.37727272727273
-14.8,105.9,105.6,103.9,101.7810070671378,100.49139150943397
-14.7,105.89212121212121,105.6,103.9,101.8,100.50919811320755
-14.6,105.8,105.56746817538897,103.9,101.8,100.6
-14.5,105.8,105.5,103.9,101.89565656565657,100.63394625176804
-14.4,105.7890909090909,105.5,104,101.9,100.7
-14.3,105.7,105.5,104,101.9,100.7604774535809
-14.2,105.6761273209549,105.5,104.03180212014134,101.99868686868687,100.8
-14.1,105.6,105.5,104.1,102.08726790450928,100.8
-14,105.6,105.5,104.1,102.1,100.87212121212121
-13.9,105.6,105.5,104.1,102.12248939179632,100.95691823899371
-13.8,105.6,105.5,104.18387553041019,102.2,101
-13.7,105.6,105.5,104.2,102.2,101.02513747054202
-13.6,105.6,105.5,104.2,102.22673267326732,101.1
-13.5,105.6,105.5,104.2,102.3,101.1
-13.4,105.6,105.5,104.2,102.3,101.1
-13.3,105.6,105.50908018867925,104.2,102.39353535353536,101.1
-13.2,105.6,105.6,104.2,102.4,101.1
-13.1,105.6,105.6,104.2,102.49555555555555,101.1
-13,105.6,105.56056622851365,104.2,102.5,101.1
-12.9,105.6,105.5,104.2,102.5,101.0880808080808
-12.8,105.6,105.5,104.2,102.5,101.01005498821681
-12.7,105.6,105.5,104.26215738284704,102.5,101.08860958366064
-12.6,105.6,105.5,104.3,102.5,101.1
-12.5,105.56979797979797,105.5,104.3,102.5,101.1
-12.4,105.5,105.5,104.3,102.41161616161617,101.1
-12.3,105.5,105.49626262626262,104.3,102.4,101.1376179245283
-12.2,105.5,105.4,104.3,102.4,101.2
-12.1,105.46996466431095,105.4,104.3,102.4,101.2
-12,105.4,105.4,104.3,102.4,101.26383838383838
-11.9,105.4,105.4,104.3,102.4,101.3
-11.8,105.4,105.4,104.3,102.4,101.3
-11.7,105.4,105.4,104.3,102.37193396226415,101.39545454545456
-11.6,105.4,105.4,104.3,102.3,101.4844385499558
-11.5,105.4,105.4,104.2,102.3,101.5
-11.4,105.4,105.3,104.18502358490566,102.3,101.54871794871795
-11.3,105.34059405940594,105.3,104.1,102.3,101.6
-11.2,105.3,105.27080808080808,104.03266509433962,102.32919191919191,101.62553003533569
-11.1,105.29838383838384,105.2,103.9148409893993,102.4,101.7
-11,105.2,105.17270318021201,103.89693757361603,102.4,101.7
-10.9,105.19636363636364,105.07912735849057,103.8,102.44646464646465,101.7
-10.8,105.09535353535352,104.96676767676767,103.75346534653465,102.5,101.70406719717064
-10.7,104.99434343434343,104.9,103.7,102.54244031830238,101.79248452696729
-10.6,104.9,104.85050505050505,103.7,102.6,101.8
-10.5,104.87805864509606,104.72927864214994,103.7,102.6,101.8
-10.4,104.7769696969697,104.68480565371024,103.7,102.6434628975265,101.8450928381963
-10.3,104.6759595959596,104.6,103.7,102.7,101.9
-10.2,104.57078916372203,104.5,103.7,102.7,101.9
-10.1,104.45969696969698,104.48359264497878,103.7,102.79747474747474,101.9
-10,104.4,104.4,103.7,102.8,101.90990176817289
-9.9,104.4,104.4,103.7,102.8,101.98848722986247
-9.8,104.4,104.4,103.7,102.8,102
-9.7,104.4,104.4,103.7300909090909,102.8,102
-9.6,104.4,104.4,103.8,102.8,102
-9.5,104.4,104.4,103.8,102.8,102.01783838383838
-9.4,104.4,104.41885038892818,103.8,102.85532641998586,102.1
-9.3,104.4,104.5,103.8,102.9,102.1
-9.2,104.4,104.5,103.8,102.9,102.1
-9.1,104.49221069997643,104.5,103.8,102.9,102.1
-9,104.5,104.56576767676768,103.8,102.9,102.1
-8.9,104.5,104.6,103.8,102.9,102.1
-8.8,104.5,104.6,103.8,102.9,102.1
-8.7,104.5,104.6,103.8,102.9,102.14695344725986
-8.6,104.5,104.53519915154372,103.8,102.9,102.2
-8.5,104.5,104.5,103.8,102.9,102.26199063024839
-8.4,104.49949322333529,104.5,103.8,102.9,102.3
-8.3,104.4,104.5,103.8,102.9,102.3
-8.2,104.4,104.5,103.8,102.9,102.3
-8.1,104.4,104.4965249015052,103.8,102.90347509849481,102.3
-8,104.4,104.4,103.8,103,102.3
-7.9,104.31024160282851,104.4,103.8,103,102.31732366978964
-7.8,104.3,104.39429025985505,103.8,103,102.4
-7.7,104.3,104.30590418949973,103.8,103,102.4
-7.6,104.3,104.3,103.8,103,102.46220930232559
-7.5,104.3,104.3,103.8,103,102.5
-7.4,104.3,104.3,103.8,103,102.5
-7.3,104.3,104.3,103.8,103,102.5
-7.2,104.3,104.3,103.8,103,102.5
-7.1,104.3,104.3,103.8,103.03257129389583,102.5
-7,104.3,104.3,103.8,103.1,102.5
-6.9,104.3,104.3,103.8,103.1,102.5
-6.8,104.3,104.3,103.8,103.1,102.5
-6.7,104.25373737373738,104.3,103.8,103.1,102.5
-6.6,104.2,104.3,103.8,103.1,102.5
-6.5,104.2,104.2936593989393,103.8,103.09456510758662,102.5
-6.4,104.2,104.2,103.8,103,102.5
-6.3,104.2,104.2,103.8,103,102.5
-6.2,104.2,104.2,103.76294575209617,103,102.5
-6.1,104.2,104.2,103.7,103,102.5
-6,104.2,104.2,103.7,103,102.5
-5.9,104.18847358319022,104.2,103.7,103,102.5
-5.8,104.1,104.11870139052557,103.6353682969947,103,102.5
-5.7,104.1,104.1,103.6,103,102.47563864580572
-5.6,104.1,104.1,103.6,103,102.4
-5.5,104.1,104,103.6,102.95583838383838,102.4
-5.4,104.01675859142978,104,103.6,102.9,102.4
-5.3,103.996110783736,103.95533088235294,103.596110783736,102.85380808080808,102.4
-5.2,103.9,103.9,103.5,102.8,102.4
-5.1,103.9,103.9,103.46040537355645,102.8,102.4
-5,103.86504697444187,103.89361616161617,103.4,102.8,102.4
-4.9,103.8,103.79137301119623,103.39137301119624,102.8,102.37202231301069
-4.8,103.77730303030303,103.7,103.27730303030303,102.7,102.3
-4.7,103.7,103.7,103.2,102.64680429864254,102.3
-4.6,103.67527272727273,103.61813131313131,103.17527272727273,102.6,102.2609859581776
-4.5,103.56396549285815,103.5,103.1,102.5,102.2
-4.4,103.5,103.45211549793754,103.05895545004546,102.5,102.14467117890696
-4.3,103.5,103.4,103,102.5,102.1
-4.2,103.39975250441957,103.39978785735933,102.94264067077484,102.5,102.1
-4.1,103.3,103.3,102.9,102.5,102.1
-4,103.28346464646465,103.29738361814967,102.9,102.44737772539776,102.1
-3.9,103.2,103.2,102.83959595959595,102.4,102.1
-3.8,103.1616735415439,103.18143434343435,102.72834413671184,102.32429292929292,102.04625651904888
-3.7,103.05184848484848,103.0771596935769,102.69258944986565,102.22327507829074,102
-3.6,103,102.96512121212122,102.6,102.2,102
-3.5,102.9414565166156,102.9,102.53553535353535,102.2,101.95812610489098
-3.4,102.9,102.86309090909091,102.5,102.12832696931127,101.9
-3.3,102.80575132586918,102.8,102.42241602828521,102.1,101.84778787878788
-3.2,102.77123497525336,102.8,102.4,102,101.75342937952979
-3.1,102.7,102.7040588318484,102.4,101.9367193023804,101.66004646934034
-3,102.61886859163229,102.66886636813575,102.30188888888888,101.9,101.5590303030303
-2.9,102.51515304576219,102.55101944608131,102.10173754924739,101.8,101.46734758013828
-2.8,102.424871840198,102.39983500294638,102.08317030053034,101.71979917974826,101.38737735348714
-2.7,102.32741414141414,102.28455399535306,101.97026972421457,101.58648576984267,101.29909648020113
-2.6,102.1527932114355,102.17695135746607,101.86925252525253,101.49782806344075,101.22052954116907
-2.5,101.95076767676768,102.03553952764814,101.72589275191514,101.39680808080809,101.14196260213701
-2.4,101.82436609758561,101.92436609758562,101.5529393939394,101.29159511061724,101.05882092982145
-2.3,101.72335353535354,101.82335353535353,101.43269693112714,101.1,101
-2.2,101.63204278263945,101.70939304655275,101.2927283441367,101.0927283441367,100.96519191919192
-2.1,101.52487626679236,101.48549494949495,101.2,101,100.8582086034178
-2,101.34061016264269,101.29035945786683,101.16842477375566,101,100.8
-1.9,101.21929292929293,101.2,101.03917501473188,100.94786342054753,100.72701173808514
-1.8,101.2,101.18970603091222,100.93255884432772,100.9,100.7
-1.7,101.08416065620138,101.08868686868686,100.83154545454545,100.83154545454545,100.7
-1.6,100.95228611831251,100.98767552278008,100.8,100.70274360062226,100.6
-1.5,100.83443724219211,100.88665656565657,100.68665656565656,100.68131805968038,100.6
-1.4,100.72849782806344,100.78743922920533,100.6,100.6,100.533275713051
-1.3,100.62748484848484,100.6989090909091,100.58462626262626,100.53206457695028,100.44904543044017
-1.2,100.6,100.5975486152033,100.48566251215416,100.5,100.4
-1.1,100.5,100.5,100.4,100.4,100.33973737373738
-1,100.45300867703062,100.44517706676095,100.39586839473499,100.35421056352966,100.22851166134373
-0.9,100.35199454517905,100.33770897520077,100.2948512551139,100.3,100.2
-0.8,100.3,100.24460698091694,100.19460653897487,100.2,100.2
-0.7,100.2082909065196,100.2,100.10621812492818,100.14996413960301,100.14371867735576
-0.6,100.10609121672812,100.1404405265577,100.1,100.1,100.048948936815
-0.5,100.1,100.03364816404869,100.0050760139401,100.04793373402697,100
-0.4,100.1,100,100,100,100
-0.3,100.06426440016405,100,100,100,100
-0.2,100,100,100,100,100
-0.1,100,100,100,100,100
0,100,100,100,100,100
0.1,100,100,100,100,100
0.2,100,100,100,100,100
0.3,100.0442638947815,100,100,100,100
0.4,100.1,100.01605310375916,100,100,100
0.5,100.1,100.1,100.04793373402697,100.0050760139401,100
0.6,100.1,100.1203767867064,100.1,100.10609121672812,100.03466336683671
0.7,100.19162433856198,100.2,100.13567856962473,100.2,100.13121878784129
0.8,100.3,100.22240820243447,100.2,100.2,100.2
0.9,100.32342340522248,100.32342340522248,100.23770897520077,100.27279206912644,100.2
1,100.42851166134373,100.42851166134373,100.33388429752065,100.4,100.21184547029499
1.1,100.55563569509263,100.5,100.42545454545456,100.4,100.32545454545455
1.2,100.6,100.56932323232323,100.5,100.46932323232323,100.4
1.3,100.7,100.67034043842813,100.52748484848485,100.59847263470513,100.43248742928976
1.4,100.71421355692495,100.77135353535354,100.62849782806343,100.61658220388921,100.512435920099
1.5,100.81777044543955,100.87237094656027,100.72951515151516,100.7,100.6
1.6,100.93561579257513,100.97338383838384,100.8,100.78274642907651,100.6
1.7,101.06416348465564,101.06510209493503,100.87013553329405,100.8,100.68680023571008
1.8,101.18799057159694,101.1611313131313,100.97541414141415,100.9,100.7
1.9,101.20875099443118,101.26214769168602,101,100.90500050510153,100.70700042426814
2,101.38553876071776,101.37368607117605,101.10602020202019,101,100.8
2.1,101.49274747474747,101.47846247095666,101.20820271066589,101,100.83560606060605
2.2,101.6080505050505,101.68545668827343,101.33126856173101,101.05939193966533,100.9427224513848
2.3,101.71812304273159,101.79477777777778,101.4,101.1579333510121,101
2.4,101.9100808080808,101.89579755530862,101.59159511061723,101.2529393939394,101.0823538654934
2.5,102.01941129673827,102.01552821383115,101.69680808080808,101.40790988988786,101.21974387177876
2.6,102.19619906302484,102.15695092631877,101.81211111111111,101.55496969696969,101.2983108108108
2.7,102.29883838383839,102.27026972421457,101.92624507526013,101.65598545307607,101.38648576984268
2.8,102.39985857157289,102.38317030053035,102.1,101.7,101.4
2.9,102.5008687746237,102.52944444444444,102.14372727272728,101.8,101.45076012020506
3,102.60220362950741,102.64263894781502,102.24474189312052,101.88264743317777,101.54474189312052
3.1,102.7,102.7,102.34575757575757,102,101.64575757575757
3.2,102.75456688273424,102.8,102.4,102.02548437279027,101.74092636789534
3.3,102.8,102.8,102.47242192103712,102.1,101.83350505050505
3.4,102.8916658248308,102.84880290938479,102.5,102.1,101.9
3.5,102.9247849145551,102.9,102.5783917567431,102.2,101.93553535353536
3.6,103,102.95083341751692,102.6,102.2,102
3.7,103.03756565656566,103.06049499116087,102.7,102.2771596935769,102
3.8,103.14500883912787,103.1587590595722,102.7,102.38143434343435,102.02429292929293
3.9,103.2,103.26286387743076,102.76816850186887,102.4,102.1
4,103.26918181818182,103.3,102.88070940372378,102.4977573492272,102.1
4.1,103.37019901000102,103.3,102.9,102.5,102.1
4.2,103.4,103.38307801084139,102.9,102.5,102.1
4.3,103.48651378927164,103.4,102.98651378927164,102.5,102.1
4.4,103.5,103.43545079552152,103.00181818181818,102.5,102.11878609310547
4.5,103.5366368135753,103.5,103.10329994107248,102.55329955220363,102.2
4.6,103.6467016870391,103.5878152250766,103.2,102.6,102.24670168703909
4.7,103.7,103.7,103.21914334781292,102.7,102.3
4.8,103.74873219517123,103.7,103.3,102.7,102.3
4.9,103.8,103.7640303030303,103.3296422005374,102.7896478574459,102.35602792999823
5,103.85076270330336,103.86504697444187,103.4,102.8,102.4
5.1,103.9,103.9,103.41040659988215,102.8,102.4
5.2,103.9,103.9,103.5,102.8,102.4
5.3,103.97944608131998,104,103.53952525252525,102.9,102.4
5.4,104,104,103.6,102.9,102.4
5.5,104.1,104,103.6,102.91298110920296,102.4
5.6,104.1,104.09965826066463,103.6,103,102.4
5.7,104.1,104.1,103.6,103,102.4561203645506
5.8,104.1,104.1,103.6,103,102.5
5.9,104.16987980202687,104.2,103.68655274012964,103,102.5
6,104.2,104.2,103.7,103,102.5
6.1,104.2,104.2,103.7,103,102.5
6.2,104.2,104.2,103.70507380889242,103,102.5
6.3,104.2,104.2,103.7934676920357,103,102.5
6.4,104.2,104.2,103.8,103.0506919890898,102.5
6.5,104.2,104.27699469652327,103.8,103.1,102.5
6.6,104.2,104.3,103.8,103.1,102.5
6.7,104.22935769004125,104.3,103.8,103.1,102.5
6.8,104.3,104.3,103.8,103.1,102.5
6.9,104.3,104.3,103.8,103.1,102.5
7,104.3,104.3,103.8,103.1,102.5
7.1,104.3,104.3,103.8,103.07908358082308,102.5
7.2,104.3,104.3,103.8,103,102.5
7.3,104.3,104.3,103.8,103,102.5
7.4,104.3,104.3,103.8,103,102.5
7.5,104.3,104.3,103.8,103,102.5
7.6,104.3,104.3,103.8,103,102.48248188085557
7.7,104.3,104.3,103.8,103,102.4
7.8,104.3,104.37918981715325,103.8,103,102.4
7.9,104.3,104.4,103.8,103,102.33761785040855
8,104.4,104.4,103.8,103,102.3
8.1,104.4,104.4679494949495,103.8,102.9463380139408,102.3
8.2,104.4,104.5,103.8,102.9,102.3
8.3,104.4,104.5,103.8,102.9,102.3
8.4,104.48282852091927,104.5,103.8,102.9,102.3
8.5,104.5,104.5,103.8,102.9,102.27449178009546
8.6,104.5,104.6,103.8,102.9,102.2
8.7,104.5,104.6,103.8,102.9,102.1636181496759
8.8,104.5,104.6,103.8,102.9,102.1
8.9,104.5,104.59535353535352,103.8,102.9,102.1
9,104.5,104.5,103.8,102.9,102.1
9.1,104.5,104.5,103.8,102.82554796134811,102.1
9.2,104.4,104.5,103.8,102.89230406599883,102.1
9.3,104.4,104.5,103.8,102.9,102.1
9.4,104.4,104.43313466006667,103.8,102.88866234531527,102.1
9.5,104.4,104.4,103.8,102.8,102.04060456072123
9.6,104.4,104.4,103.8,102.8,102
9.7,104.4,104.4,103.7,102.8,102
9.8,104.4,104.4,103.7,102.8,102
9.9,104.4,104.4,103.7,102.8,102
10,104.4,104.4,103.7,102.8,101.92368328031107
10.1,104.44535353535353,104.46350777934937,103.7,102.8,101.9
10.2,104.55412735849056,104.5,103.7,102.7250505050505,101.9
10.3,104.66171717171717,104.6,103.7,102.7,101.84088050314466
10.4,104.75490716180371,104.65971731448764,103.7,102.68010101010101,101.8
10.5,104.85771495877503,104.70766509433963,103.7,102.6,101.8
10.6,104.96474747474748,104.82555948174323,103.7,102.5780808080808,101.8
10.7,105,104.93717171717172,103.7,102.5,101.8
10.8,105.06676767676767,105,103.7934936350778,102.49030303030302,101.71653404067197
10.9,105.16777777777777,105.05353535353535,103.8,102.4,101.7
11,105.2,105.15454545454546,103.84693396226415,102.4,101.7
11.1,105.28414141414142,105.25555555555556,103.96478209658422,102.4,101.7
11.2,105.3,105.3,104.07080808080808,102.37202020202021,101.64488993710691
11.3,105.4,105.3,104.1,102.3,101.6
11.4,105.4,105.3,104.1262599469496,102.3,101.56551453260015
11.5,105.4,105.38621908127209,104.21955241460542,102.3,101.5
11.6,105.4,105.4,104.3,102.3,101.49732704402516
11.7,105.4,105.4,104.3,102.32190812720847,101.4187106918239
11.8,105.4,105.4,104.3,102.4,101.31024734982331
11.9,105.4,105.4,104.3,102.4,101.29234393404005
12,105.4,105.4,104.3,102.4,101.2
12.1,105.45141414141415,105.4,104.3,102.4,101.2
12.2,105.5,105.4,104.3,102.4,101.2
12.3,105.5,105.48202020202021,104.3,102.4,101.15429917550058
12.4,105.5,105.5,104.3,102.47267904509285,101.1
12.5,105.54805653710247,105.5,104.3,102.5,101.1
12.6,105.6,105.5,104.3,102.5,101.08939512961507
12.7,105.6,105.5,104.3,102.5,101.01084053417125
12.8,105.6,105.5,104.2150765606596,102.5,101
12.9,105.6,105.5,104.2,102.5,101.06457597173144
13,105.6,105.54626262626262,104.2,102.5,101.1
13.1,105.6,105.6,104.2,102.43838383838384,101.1
13.2,105.6,105.6,104.2,102.4,101.1
13.3,105.6,105.53097595473832,104.2,102.4,101.1
13.4,105.6,105.5,104.2,102.32461719670201,101.1
13.5,105.6,105.5,104.2,102.29010600706714,101.1
13.6,105.6,105.5,104.2,102.2,101.1
13.7,105.6,105.5,104.2,102.2,101.04081272084805
13.8,105.6,105.5,104.2,102.2,101
13.9,105.6,105.5,104.1024045261669,102.1,100.97650176678445
14,105.6,105.5,104.1,102.1,100.88815207780726
14.1,105.6,105.5,104.09964664310954,102.02828282828283,100.8
14.2,105.65848484848485,105.5,104,102,100.8
14.3,105.76937573616019,105.5,104,101.93545534924846,100.77296819787986
14.4,105.8,105.5,103.96808080808081,101.9,100.7
14.5,105.8,105.5,103.9,101.83848484848485,100.66160188457009
14.6,105.8,105.54752475247524,103.9,101.8,100.6
14.7,105.86353535353535,105.6,103.9,101.8,100.52591283863369
14.8,105.9,105.6,103.9,101.72121212121212,100.5
14.9,105.97644287396938,105.63182461103253,103.9,101.7,100.39161616161617
15,106,105.7,103.9,101.7,100.3
15.1,106,105.7,103.9,101.6158267020336,100.3
15.2,106,105.7,103.9,101.6,100.22443047918303
15.3,106.08393939393939,105.78393939393939,103.9,101.5160606060606,100.2
15.4,106.1,105.8,103.9,101.41505050505052,100.1150505050505
15.5,106.1,105.88360849056605,103.9,101.4,100.0331500392773
15.6,106.1,105.9,103.9,101.32393992932862,99.94889478337754
15.7,106.1,105.9,103.9,101.22636363636364,99.85484848484849
15.8,106.1,105.9,103.9,101.2,99.8
15.9,106.1,105.9,103.9,101.12424242424242,99.75874558303887
16,106.1,105.92285041224972,103.9,101.1,99.7
16.1,106.1,105.95120226308346,103.9,101.1,99.6945181255526
16.2,106.1,105.9,103.9,101,99.60610079575596
16.3,106.1,105.9,103.9,101,99.43536693191865
16.4,106.05577830188679,105.84695898161245,103.9,100.90865724381626,99.4
16.5,106,105.8,103.9,100.88786808009424,99.34748427672956
16.6,106,105.78669022379269,103.9,100.8,99.26
16.7,105.9,105.7,103.9,100.8,99.1589898989899
16.8,105.9,105.7,103.9,100.7,99.1
16.9,105.9,105.7,103.8,100.7,99.03313679245282
17,105.84171717171718,105.67030303030303,103.8,100.6,99
17.1,105.8,105.6,103.8,100.59777777777778,98.94809902740937
17.2,105.8,105.56825075834176,103.7,100.5,98.82835820895524
17.3,105.72434343434344,105.5,103.65292929292929,100.5,98.7
17.4,105.7,105.5,103.6,100.48050505050504,98.6605418138987
17.5,105.76339737108191,105.5,103.5,100.4,98.54268867924529
17.6,105.8,105.4748820754717,103.4748820754717,100.4,98.43555555555555
17.7,105.8,105.4,103.4,100.4,98.4
17.8,105.88070707070707,105.4,103.4,100.35583038869258,98.4
17.9,105.99540094339623,105.4,103.34554455445544,100.3,98.33252525252526
18,106.1,105.4,103.3,100.2,98.22014134275618
18.1,106.18103651354535,105.53109540636042,103.20191919191919,100.2,98.12670203359858
18.2,106.21867043847242,105.6,103.10090909090908,100.14383838383839,98.1
18.3,106.3,105.67151515151515,103.1,100.03325471698113,98.0499557913351
18.4,106.36796230859835,105.7,103.08464646464645,99.9,97.96153846153847
18.5,106.4,105.77353535353535,103,99.86419316843346,97.87314487632509
18.6,106.4,105.8,102.98262626262627,99.8,97.8
18.7,106.46577086280057,105.88820754716981,102.9,99.73868686868687,97.78390804597701
18.8,106.5,105.9,102.9,99.63767676767677,97.69549071618037
18.9,106.43209549071618,105.9,102.9,99.53666666666666,97.60707338638373
19,106.4,105.99174528301887,102.9,99.43565656565657,97.6
19.1,106.32040404040404,106,102.9,99.4,97.4803003533569
19.2,106.21939393939394,106,102.93777777777778,99.27255594817431,97.4
19.3,106.11838383838383,105.9,103,99.15471698113207,97.39106984969054
19.4,106.1,105.88691037735849,103,99.03686690223792,97.3026525198939
19.5,106.02679045092837,105.76902237926973,103.09717114568599,99,97.18288543140028
19.6,105.92959595959596,105.65117924528302,103.1,98.90141442715701,97.1
19.7,105.9,105.51994342291371,103.1,98.78005657708628,97.03333333333333
19.8,105.9,105.5,103.1,98.7,96.92757575757577
19.9,105.9,105.4809187279152,103.09797979797979,98.59717114568599,96.82656565656566
20,105.9,105.35572842998586,103,98.46838383838384,96.72555555555556
20.1,105.9,105.3,102.99528301886792,98.4,96.61191037735848
20.2,105.9,105.3,102.88060606060607,98.34405182567727,96.5941037735849
20.3,105.9,105.3,102.78215547703181,98.3,96.4643109540636
20.4,105.9,105.3,102.69292929292929,98.17858585858586,96.29292929292929
20.5,105.9,105.3,102.58868458274398,98.1,96.18585322723254
20.6,105.96626262626263,105.3,102.44724186704386,98.09089989888776,96.00901856763926
20.7,106,105.3,102.33272727272727,98,95.88573446327685
20.8,106.07971698113207,105.3,102.3,97.98692579505301,95.76030303030304
20.9,106.1,105.3,102.13272727272727,97.9,95.66436781609195
21,106.18464646464646,105.3,102.1,97.9,95.57595048629531
21.1,106.27497789566755,105.33988684582744,102.000101010101,97.8,95.47784760408484
21.2,106.3,105.4,101.99909090909091,97.8,95.32073841319718
21.3,106.38563015312133,105.4,101.9,97.76438679245283,95.22325375773652
21.4,106.48868686868687,105.4,101.86848484848485,97.7,95.14210526315789
21.5,106.58969696969696,105.4160035366932,101.8,97.7,95.01802120141343
21.6,106.6,105.5,101.76646464646464,97.59494949494949,94.87389937106919
21.7,106.69171717171717,105.5060606060606,101.7,97.49151343705799,94.79528672427337
21.8,106.7,105.6082449941107,101.66434343434344,97.4,94.71673212882953
21.9,106.7,105.72606132075472,101.6,97.34063604240282,94.56095406360424
22,106.7,105.8,101.6,97.16754297269969,94.44850628930818
22.1,106.6,105.8,101.6,97.03272727272727,94.35488810365136
22.2,106.52446958981612,105.8,101.58888888888889,96.9203769140165,94.24606060606061
22.3,106.40247641509434,105.7450505050505,101.5,96.78787878787878,94.15190097259062
22.4,106.16166902404527,105.7,101.5,96.67373737373738,94.06351590106007
22.5,105.90047169811321,105.62022630834511,101.5,96.47171717171717,94
22.6,105.5830303030303,105.49893992932863,101.5,96.2867374005305,93.91252525252526
22.7,105.28,105.37170645446508,101.46442873969376,96.1973125884017,93.8
22.8,104.82828282828282,105.19121212121213,101.4,96.06325088339223,93.72995283018868
22.9,104.39858585858586,104.89081272084806,101.4,95.94540094339622,93.7
23,103.8547703180212,104.64625176803395,101.4,95.8378787878788,93.5950505050505
23.1,103.25828282828283,104.27216981132075,101.4,95.73686868686869,93.49536527886882
23.2,102.55121212121212,103.83055162659123,101.4,95.61018387553041,93.41681068342498
23.3,101.8106082036775,103.45212121212121,101.4,95.47405660377359,93.4
23.4,100.78429985855728,102.85505050505051,101.3061320754717,95.35618374558304,93.27494108405342
23.5,99.74752475247526,102.34162735849058,101.27,95.23832547169812,93.15375773651635
23.6,98.47888888888887,101.72274011299436,100.9779797979798,95.13181818181818,93.03841319717203
23.7,97.33168316831683,100.9607684529828,100.77193396226414,95.01931684334511,92.88797979797981
23.8,95.97553041018386,100.01272084805653,100.536160188457,94.9,92.76957547169812
23.9,94.60282885431401,99.11872791519436,100.31474747474748,94.8430303030303,92.57517667844523
24,93.25441696113074,97.89151943462898,100.07779349363508,94.71881188118812,92.45785007072136
24.1,91.90888888888888,96.77877358490565,99.65801886792453,94.6,92.24787735849057
24.2,90.71367924528302,95.46042402826855,99.21263250883392,94.51598302687411,92.0600706713781
24.3,89.51654879773693,94.1969696969697,98.87424242424242,94.47879858657244,92
24.4,88.30808080808082,92.8316037735849,98.49494949494951,94.4,91.84151943462898
24.5,87.31154299175502,91.57826855123673,97.93636363636364,94.31173974540312,91.68632075471699
24.6,86.4021216407355,90.29469339622642,97.40858585858585,94.17878787878787,91.47878787878788
24.7,85.41731448763252,89.03535353535355,96.83714622641509,94.07777777777777,91.37777777777778
24.8,84.54375,87.95030303030303,96.1374558303887,94,91.25353535353536
24.9,83.50318021201412,86.81515151515153,95.37666195190947,93.99010101010101,91.05759717314487
25,82.38466981132076,85.76555555555555,94.48727272727272,93.88907987866533,90.87815975733064
25.1,81.22709069493521,84.73545454545453,93.50909090909092,93.7879797979798,90.68948763250883
25.2,79.55689045936397,83.7848484848485,92.46344339622641,93.67720848056537,90.601148409894
25.3,77.30954063604241,82.75318396226415,91.40318021201412,93.50053003533569,90.50030303030303
25.4,74.17523584905659,81.74270557029178,90.28925035360679,93.39834905660378,90.41184792219275
25.5,70.34540311173978,80.61959595959596,89.0005649717514,93.18127208480566,90.2469964664311
25.6,64.97057991513437,79.21515151515153,87.76944837340878,93.05615275813295,90.07020335985854
25.7,59.12473498233207,77.51333333333336,86.63790664780764,92.85778301886792,89.94668435013263
25.8,52.52666666666662,75.26040404040404,85.47712264150945,92.68670438472418,89.80464646464647
25.9,45.66463932107484,72.31036513545347,84.47915194346291,92.37971698113208,89.65131313131313
26,38.508080808080685,68.05586987270162,83.42316384180792,92.113074204947,89.51307420494699
26.1,32.71818181818177,62.559010600706856,82.39448373408767,91.84724186704383,89.36363636363636
26.2,27.977652050919342,56.904384724186784,81.41707891637219,91.5152758132956,89.26258847320526
26.3,23.919929245283015,50.930909090909175,80.5068686868687,91.26040404040404,89.2
26.4,20.565656565656596,44.08712871287138,79.66509433962263,90.85636363636364,89.10592396109638
26.5,17.86219081272085,37.86065959952888,78.69494949494948,90.45232323232324,88.93699921445405
26.6,15.828282828282848,32.59575757575756,77.72636363636363,90.04828282828284,88.7886925795053
26.7,14.206464646464676,27.916363636363663,76.72362093352193,89.63498233215549,88.70035335689046
26.8,12.892929292929288,23.87828282828288,75.53454545454547,89.0956152758133,88.62169811320754
26.9,11.889487632508837,20.614747474747492,74.02989898989901,88.55304101838755,88.52686868686868
27,11.271113074204951,18.05700141442715,72.21672555948176,87.9151515151515,88.42585858585859
27.1,10.574242424242437,15.964150943396215,69.89646393210751,87.37414141414142,88.24969696969697
27.2,10.047979797979812,14.345465253239137,66.48604240282694,86.64045261669025,88.06678445229682
27.3,9.67696969696969,13.159770114942534,62.28000000000006,85.79179632248939,87.90220125786163
27.4,9.279696969696968,12.118181818181824,57.52075471698101,84.96183745583039,87.7381625441696
27.5,8.976666666666667,11.345936395759717,52.16363636363631,84.11837455830388,87.5779797979798
27.6,8.682424242424243,10.638220424671367,46.377385159010544,83.11179245283019,87.46415094339622
27.7,8.474270557029183,10.122222222222213,40.478642149929165,82.21616161616161,87.3069182389937
27.8,8.209018567639255,9.71373737373737,35.36839622641505,81.21386138613862,87.07470542026708
27.9,8.004848484848486,9.30969696969697,30.927272727272655,80.25641931684333,86.7930303030303
28,7.802828282828284,9.004242424242427,26.976666666666638,79.4115566037736,86.57756183745583
28.1,7.661244695898161,8.738692579505303,23.728419811320762,78.38929292929294,86.38655207280081
28.2,7.461980548187445,8.441212121212128,21.099393939393977,77.5178761061947,86.12666666666667
28.3,7.364782096584219,8.225454545454541,18.87173144876328,76.58898305084745,85.8457597173145
28.4,7.193867924528306,7.994747474747473,17.172727272727297,75.75827439886848,85.54080188679247
28.5,7.029093050647823,7.792727272727272,15.695959595959595,74.97468175388968,85.18727915194347
28.6,6.847878787878792,7.590707070707072,14.53465346534654,74.16746817538898,84.88923802042419
28.7,6.710023584905659,7.3886868686868725,13.580188679245268,73.46025459688826,84.59549071618038
28.8,6.607575757575756,7.188328912466848,12.77393939393938,72.75335689045936,84.06889238020425
28.9,6.436572438162543,7.011494252873563,12.167878787878779,71.95365566037736,83.59756480754125
29,6.23979797979798,6.905555555555557,11.607878787878786,70.99272727272727,83.18828616352201
29.1,6.105306603773586,6.804545454545456,11.21590106007067,70.08363636363636,82.72385159010601
29.2,6.003535353535356,6.6070707070707115,10.816509433962262,69.11937765205093,82.2166535742341
29.3,5.90252525252525,6.486320754716983,10.43606060606061,67.94424242424243,81.71797979797981
29.4,5.80151515151515,6.345858585858589,10.133030303030308,66.62120141342757,81.0306603773585
29.5,5.686248736097066,6.17191919191919,9.829999999999998,64.90919377652051,80.4803459119497
29.6,5.582685512367492,6.0709090909090895,9.565488810365137,62.81908127208482,79.79646643109541
29.7,5.457850070721357,5.957850070721357,9.354141414141411,59.97656565656566,79.01656565656565
29.8,5.330388692579503,5.84030303030303,9.152121212121207,56.32877358490571,78.19575471698111
29.9,5.2124999999999995,5.678585858585859,8.968788682581787,52.38080808080807,77.47110849056602
30,5.094693396226413,5.53828282828283,8.77656565656566,48.26363636363626,76.64581861012955
30.1,5,5.43727272727273,8.57454545454546,43.38797736916537,75.83103448275861
30.2,4.942285041224969,5.325589622641509,8.372525252525252,39.286454652532456,75.05365278868814
30.3,4.835252525252524,5.207773851590103,8.170505050505048,34.82582547169816,74.34666142969361
30.4,4.7342424242424235,5.1,8.023231132075471,31.229420084865705,73.42909305064781
30.5,4.622051886792454,5.09030303030303,7.83777777777778,27.908345120226354,72.60459363957595
30.6,4.504240282685513,4.98929292929293,7.71787878787879,25.164848484848534,71.82547169811322
30.7,4.4,4.88633686690224,7.554593639575976,22.761248527679648,71.11797979797981
30.8,4.3422316384180775,4.768514150943397,7.360404040404039,20.786138613861425,70.42579505300354
30.9,4.3,4.65767676767677,7.217334905660376,19.149011299435028,69.80400943396228
31,4.199646330680812,4.6,7.113838383838384,17.777712264150942,69.09681978798586
31.1,4.111229000884173,4.511313131313128,6.925656565656568,16.72828282828284,68.41335428122544
31.2,4.0118181818181835,4.4,6.811818181818183,15.806363636363653,67.78543983822043
31.3,3.9108080808080836,4.3536363636363635,6.695056497175138,15.153492484526964,67.17525252525252
31.4,3.809797979797978,4.252626262626264,6.553748231966053,14.544242424242423,66.46186440677965
31.5,3.7087878787878776,4.151616161616164,6.437373737373738,13.87408716136631,65.6615566037736
31.6,3.7,4.056763925729443,6.325707547169813,13.441725601131537,64.89681978798588
31.7,3.6067676767676775,4,6.207891637220261,13.088260254596893,64.01818181818183
31.8,3.505757575757577,3.9628282828282835,6.105757575757577,12.76996466431096,62.933490566037726
31.9,3.4904040404040377,3.8618181818181836,6.004747474747477,12.379773691654876,61.64686868686867
32,3.3893939393939374,3.760808080808081,5.8074747474747435,12.07526501766784,60.169696969696965
32.1,3.3,3.7,5.8,11.827581329561536,58.28570306362925
32.2,3.2873737373737373,3.6686320754716966,5.713957597173146,11.589090909090908,55.910966981132056
32.3,3.2,3.5577777777777775,5.614949494949497,11.368160377358487,52.97575757575753
32.4,3.1853535353535376,3.5,5.513939393939392,11.084545454545452,49.586363636363615
32.5,3.086295313881523,3.448806366047746,5.398019801980197,10.896039603960393,45.832525252525265
32.6,3,3.3547474747474744,5.272879858657243,10.627679623085978,41.99414141414146
32.7,2.9965656565656573,3.3,5.182323232323231,10.435219236209337,38.080909090909174
32.8,2.9,3.252727272727271,5.081313131313131,10.223085983510014,34.62223095051062
32.9,2.8945454545454568,3.2,4.980303030303031,10.108796764408492,31.42077807250222
33,2.793535353535351,3.1507070707070715,4.879292929292931,9.915555555555555,28.41908127208485
33.1,2.7,3.049696969696971,4.77828282828283,9.713535353535354,25.99393939393942
33.2,2.7,3,4.7,9.605757575757577,24.02505050505055
33.3,2.6,2.9333333333333313,4.672202591283864,9.376161616161617,22.183996463306837
33.4,2.6,2.9,4.565782493368701,9.250303030303035,20.55251989389922
33.5,2.545601617795754,2.827409372236958,4.474141414141416,9.039693757361608,19.21555555555557
33.6,2.5,2.8,4.373131313131312,8.9,18.158181818181802
33.7,2.4435353535353515,2.8,4.3,8.735100117785631,17.30494699646642
33.8,2.4,2.728282828282827,4.256868686868685,8.61395348837209,16.597877358490557
33.9,2.4,2.7,4.2,8.425858585858583,15.959010600706705
34,2.326262626262625,2.6354553492484527,4.154848484848485,8.311919191919191,15.455930871956008
34.1,2.3,2.6,4.04610849056604,8.121818181818183,14.997966401414674
34.2,2.3,2.5384848484848477,4,7.981313131313131,14.55587975243147
34.3,2.2270906949352187,2.5,3.9103773584905683,7.882773851590107,14.140909090909092
34.4,2.2,2.5,3.8910891089108928,7.793636363636365,13.845671378091877
34.5,2.2,2.42121212121212,3.8,7.685252525252529,13.582783018867929
34.6,2.1201213346814973,2.4,3.756839622641512,7.491616161616159,13.346933962264155
34.7,2.1,2.4,3.7,7.390606060606059,13.087720848056541
34.8,2.1,2.30447585394582,3.632424242424245,7.28958543983822,12.842340926944226
34.9,2.0032979976442897,2.3,3.5314141414141407,7.1899293286219095,12.579999999999997
35,2,2.3,3.5,7.101590106007064,12.336163522012578
35.1,2,2.2131741821396993,3.417570754716981,7.000808080808079,12.16448763250883
35.2,2,2.2,3.4,6.879632248939179,11.899685781618224
35.3,1.9,2.2,3.3987878787878785,6.738276836158192,11.74257659073056
35.4,1.9,2.112020202020205,3.3,6.7,11.5525783619818
35.5,1.9,2.1,3.2824242424242436,6.596767676767678,11.369257950530034
35.6,1.8957532861476263,2.1,3.2,6.496286472148544,11.192484526967288
35.7,1.8,2.1,3.180404040404039,6.407869142351902,11.025058915946584
35.8,1.8,2.022222222222225,3.1,6.307979797979798,10.86392572944297
35.9,1.8,2,3.078383838383839,6.206969696969699,10.687102473498236
36,1.8,2,3,6.1,10.510424028268556
36.1,1.8,2,2.9793103448275873,6.055712603062428,10.404949494949493
36.2,,1.9039393939393925,2.9,5.95340406719717,10.207878787878785
36.3,,1.9,2.888585858585859,5.859999999999999,10.03006189213086
36.4,,1.9,2.8,5.758989898989899,9.916161616161618
36.5,,1.9,2.8,5.7,9.76802827965436
36.6,,1.9,2.7831566548881064,5.656969696969699,9.610919088766693
36.7,,,2.7,5.53833097595474,9.474005305039789
36.8,,,2.7,5.4263636363636385,9.37439120188531
36.9,,,2.7,5.4,9.217282010997645
37,,,2.6617196702002364,5.295757575757578,9.121308576480988
37.1,,,2.6,5.194747474747473,9.03289124668435
37.2,,,2.6,5.1,8.852061248527681
37.3,,,2.5,5.092727272727272,8.731122900088415
37.4,,,2.5,4.991717171717172,8.634545454545453
37.5,,,2.5,4.9,8.496622152395915
37.6,,,2.4896969696969715,4.88797169811321,8.365959328028294
37.7,,,2.4,4.8,8.280047132757266
37.8,,,2.4,4.75909090909091,8.201492537313433
37.9,,,2.4,4.658080808080807,8.045875883739196
38,,,2.3498820754716974,4.6,7.937400530503978
38.1,,,2.3,4.556060606060606,7.841717171717172
38.2,,,,4.5,7.753888452474469
38.3,,,,4.446344339622641,7.668282828282827
38.4,,,,4.4,7.5672727272727265
38.5,,,,4.3454946996466415,7.47376276512176
38.6,,,,4.3,7.395208169677928
38.7,,,,4.209900990099009,7.316653574234092
38.8,,,,4.1737338044758525,7.230327144120248
38.9,,,,4.1,7.148389630793401
39,,,,4.1,7.069835035349567
39.1,,,,4,6.990185676392573
39.2,,,,3.9734343434343447,6.901768346595931
39.3,,,,3.9,6.823016496465043
39.4,,,,3.9,6.737488947833774
39.5,,,,3.8,6.654752553024351
39.6,,,,3.780918727915197,6.573209549071617
39.7,,,,3.7,6.484805653710246
39.8,,,,3.7,6.396463306808133
39.9,,,,3.694949494949494,6.308045977011495
40,,,,3.6,6.228593872741555
40.1,,,,3.57858585858586,6.143766578249336
40.2,,,,3.5,6.060329929300863
40.3,,,,3.5,6
40.4,,,,3.4257425742574283,6
40.5,,,,3.4,5.903131313131314
40.6,,,,3.4,5.814323607427054
40.7,,,,3.386767676767679,5.734171249018067
40.8,,,,3.3,5.7
40.9,,,,3.3,5.661660777385157
41,,,,,5.573297966401413
41.1,,,,,5.486567164179105
41.2,,,,,5.40801256873527
41.3,,,,,5.4
41.4,,,,,5.339748625294579
41.5,,,,,5.241813898704358
41.6,,,,,5.2
41.7,,,,,5.15962293794187
41.8,,,,,5.075656565656567
41.9,,,,,5
42,,,,,4.973636363636362
42.1,,,,,4.9
42.2,,,,,4.862599469496022
42.3,,,,,4.8
42.4,,,,,4.8
42.5,,,,,4.725656565656568
42.6,,,,,4.7
42.7,,,,,4.6
42.8,,,,,4.6
42.9,,,,,4.6
43,,,,,4.507311320754718
43.1,,,,,4.5
43.2,,,,,4.454952830188679
43.3,,,,,4.4
43.4,,,,,4.4
43.5,,,,,4.301415094339623
43.6,,,,,4.3
